id,Longitud,Latitud,2023_011,2023_012,2023_013,2023_010,2023_021,2023_022,2023_023,2023_020,2023_031,2023_032,2023_033,2023_030,2023_041,2023_042,2023_043,2023_040,2023_051,2023_052,2023_053,2023_050
0,-58.33350002765656,-34.333500027656555,14.326908111572266,9.891922950744627,12.425773620605469,12.221672058105469,14.33276081085205,10.822904586791992,10.322678565979004,11.93350315093994,8.561995506286621,15.758000373840332,48.97935104370117,25.224929809570312,53.48128509521485,49.08586502075195,47.53979110717773,50.03564834594727,55.58594512939453,57.41069412231445,74.90613555908203,63.03012466430664
1,-58.0,-34.333500027656555,17.18881607055664,12.03668212890625,17.998592376708984,15.81417751312256,16.969532012939453,11.405362129211426,8.544488906860352,12.575173377990724,6.109516143798828,9.78667449951172,32.104339599609375,16.51966667175293,38.74134826660156,34.53493118286133,34.18452835083008,35.82027053833008,41.88587951660156,44.77879333496094,69.04363250732422,52.4556999206543
2,-58.33350002765656,-34.0,25.66800308227539,17.063371658325195,27.33599090576172,23.48418235778809,31.22805404663086,20.98358917236328,15.60356330871582,23.10517692565918,11.114398956298828,14.254804611206056,47.94512939453125,25.196401596069336,56.26335906982422,51.323368072509766,48.30294799804688,51.963226318359375,61.793094635009766,62.16491317749024,86.49676513671875,70.6788558959961
3,-58.0,-34.0,27.658668518066406,18.2822380065918,26.33430290222168,24.164077758789062,27.82787322998047,18.55721473693848,14.604364395141602,20.738779067993164,10.763275146484377,13.965280532836914,40.96064758300781,22.511377334594727,50.50904083251953,45.287071228027344,41.88253402709961,45.89288330078125,49.49324798583984,50.56275939941406,78.28556823730469,60.05488204956055
4,-57.666499972343445,-34.333500027656555,17.572914123535156,16.39910888671875,19.598182678222656,17.91291046142578,17.978076934814453,11.414068222045898,8.093326568603516,12.80957317352295,5.485232353210449,7.685493946075439,19.94224548339844,11.324902534484863,30.93572235107422,28.39458656311035,28.95891571044922,29.42974090576172,42.77075958251953,46.775184631347656,66.66241455078125,52.54019165039063
5,-57.33350002765656,-34.333500027656555,17.617610931396484,10.636710166931152,11.099299430847168,13.05275821685791,10.967695236206056,6.875616073608398,4.799359798431396,7.743856906890869,3.24115252494812,5.977704048156738,33.776893615722656,14.959174156188965,47.417701721191406,42.87080764770508,41.35327911376953,43.88059616088867,58.31889724731445,60.26093673706055,78.69076538085938,66.17408752441406
6,-57.666499972343445,-34.0,21.710590362548828,13.589303016662598,20.62223052978516,18.704627990722656,24.653640747070312,15.770794868469238,11.260974884033203,17.654720306396484,7.676467895507813,7.133808135986328,32.79749298095703,16.415328979492188,45.78764724731445,41.15121078491211,38.14228057861328,41.6937141418457,49.56681823730469,52.09034729003906,75.25851440429688,59.49726486206055
7,-57.33350002765656,-34.0,14.404461860656738,8.617018699645996,14.488238334655762,12.56727123260498,16.247404098510742,9.907903671264648,6.825275897979736,11.291259765625,4.585239410400391,12.243528366088867,61.85765075683594,27.378124237060547,76.77641296386719,65.31829833984375,58.81853103637695,66.97107696533203,77.80878448486328,78.1020736694336,91.5959243774414,82.79560089111328
8,-57.666499972343445,-33.666499972343445,13.745342254638672,8.828038215637207,16.251789093017578,13.048500061035156,18.88103675842285,11.956672668457031,9.245349884033203,13.654995918273926,6.691079139709473,10.40212631225586,55.03165435791016,25.041297912597656,66.16310119628906,56.79884338378906,51.39033508300781,58.11742782592773,56.20832824707031,56.06735229492188,83.14512634277344,65.7210693359375
9,-58.0,-33.666499972343445,23.775745391845703,15.458535194396973,25.91071319580078,21.85034370422364,26.282867431640625,16.816694259643555,13.047234535217283,19.120481491088867,9.484302520751951,13.696675300598145,56.32542419433594,27.46417617797852,69.41706848144531,59.75543975830078,54.65586471557617,61.276123046875,60.62803649902344,60.32918930053711,86.84371185302734,69.83396911621094
10,-58.33350002765656,-33.666499972343445,24.047813415527344,16.204208374023438,25.5283145904541,22.042957305908203,25.95966911315918,17.313026428222656,12.780065536499023,19.105981826782227,9.144295692443848,17.53946876525879,58.09917449951172,29.223501205444336,67.04985046386719,58.432884216308594,53.74030303955078,59.74101257324219,61.96966171264648,61.7926025390625,86.7384262084961,70.70146179199219
11,-58.33350002765656,-33.333500027656555,8.939900398254395,7.012837409973145,22.820703506469727,13.24371337890625,22.39097595214844,15.613081932067873,12.329605102539062,17.095623016357422,8.732324600219727,7.076072216033936,46.74451446533203,21.68624687194824,54.9477767944336,47.57210540771485,43.50508117675781,48.67498779296875,45.64862823486328,45.88484954833984,79.3312759399414,57.676734924316406
12,-58.0,-33.333500027656555,9.63665008544922,7.176038265228271,22.30503463745117,13.33813762664795,21.3548641204834,13.518174171447754,18.25500869750977,17.670373916625977,16.43421173095703,11.784242630004885,53.99879455566406,28.26358985900879,64.00249481201172,54.72799301147461,50.66287612915039,56.464454650878906,51.144508361816406,49.7878303527832,82.21377563476562,61.73144912719727
13,-58.33350002765656,-32.66650000214577,19.46539878845215,14.497784614562988,17.72037124633789,17.243738174438477,16.40572166442871,14.04707145690918,13.916954040527344,14.852270126342772,11.69552993774414,17.855716705322266,45.69004440307617,25.745256423950195,47.52206802368164,43.363189697265625,43.82558441162109,44.90361404418945,49.99547576904297,51.3530158996582,71.84841918945312,58.18766403198242
14,-58.33350002765656,-33.00000002980232,12.746169090270996,9.283403396606444,22.309722900390625,15.022666931152344,18.64826393127441,14.531298637390137,12.807984352111816,15.509267807006836,9.11501693725586,12.699298858642578,58.9551887512207,27.95645904541016,62.6104736328125,53.52083587646485,50.05092239379883,55.39407730102539,53.39439392089844,52.56240081787109,83.143310546875,63.68207550048828
15,-58.0,-33.00000002980232,11.8855562210083,8.211763381958008,16.69029426574707,12.40536880493164,14.520063400268556,11.821533203125,16.485584259033203,14.117879867553713,14.535778999328612,14.278836250305176,57.141563415527344,29.571075439453125,57.21557235717773,48.37233352661133,46.22249221801758,50.60346603393555,46.86690521240234,44.80782699584961,80.6856460571289,58.202884674072266
16,-57.666499972343445,-33.00000002980232,11.147905349731444,6.708297252655029,10.066949844360352,9.332208633422852,10.915037155151367,7.729870319366455,8.811314582824707,9.176414489746094,7.200270652770996,14.515192031860352,63.47502899169922,29.52838516235352,65.25006866455078,54.35907745361328,52.050392150878906,57.219844818115234,56.55255508422852,55.64059066772461,85.26908111572266,66.44810485839844
17,-57.666499972343445,-33.333500027656555,9.414469718933104,6.204205989837646,12.391716003417969,9.435342788696287,12.641740798950195,8.054865837097168,11.234699249267578,10.60155963897705,10.4185209274292,10.754335403442385,43.27030944824219,22.18393325805664,53.03984451293945,45.86738967895508,43.45362854003906,47.45362091064453,47.6800651550293,48.12002944946289,80.0339584350586,59.30240249633789
18,-57.00000002980232,-33.666499972343445,14.321989059448242,9.011879920959473,7.60825252532959,10.226757049560549,6.179351806640625,6.300765991210938,5.30427074432373,5.972690582275391,4.264736175537109,10.387981414794922,57.8339958190918,25.248424530029297,71.77726745605469,62.62825012207031,57.64150238037109,64.01567077636719,66.72733306884766,67.76598358154297,87.05989074707031,74.27716064453125
19,-56.66650000214577,-33.666499972343445,11.65602207183838,7.051290035247803,4.54253625869751,7.646484375,3.895070314407349,4.128104686737061,11.21450424194336,6.069563865661621,12.75706672668457,22.17326164245605,74.88636016845703,37.84042739868164,86.63932800292969,78.35449981689453,73.07530975341797,79.35638427734375,81.88101959228516,81.9811782836914,92.6255874633789,85.72592163085938
20,-57.00000002980232,-34.666499972343445,19.78961181640625,13.231145858764648,9.90555191040039,14.166730880737305,8.22148323059082,5.937902927398682,4.58954381942749,6.368221759796143,3.446104049682617,12.768156051635742,42.60859298706055,20.349584579467773,46.626766204833984,43.0283432006836,41.66422271728516,43.77310943603516,49.74291610717773,51.25128936767578,65.2516098022461,55.73257446289063
21,-56.66650000214577,-34.666499972343445,17.001306533813477,11.161255836486816,7.678659439086914,11.809383392333984,5.567601203918457,3.88983154296875,5.330843925476074,4.900752544403076,5.301215171813965,19.326589584350582,51.82754898071289,26.334875106811523,53.91039276123047,50.28377151489258,49.6804313659668,51.291534423828125,56.91402816772461,56.84343338012695,71.42720031738281,62.04109191894531
22,-57.00000002980232,-34.333500027656555,15.893932342529297,9.31018352508545,7.184015274047852,10.679526329040527,6.151206016540527,3.806704521179199,2.628510713577271,4.307399749755859,1.814888596534729,14.708955764770508,46.49564743041992,21.82872772216797,54.58087539672852,47.53346633911133,44.1249885559082,48.74644470214844,58.42863082885742,60.86188888549805,84.90667724609375,68.6089859008789
23,-56.66650000214577,-34.0,9.808817863464355,5.511237144470215,3.215248584747314,6.082847595214844,2.262538194656372,1.809966921806335,6.253756046295166,3.241253614425659,7.085137844085693,22.9411678314209,71.0718994140625,34.904964447021484,83.89244079589844,71.95401763916016,67.47148895263672,74.43931579589844,79.76878356933594,79.40876770019531,90.5506591796875,83.47847747802734
24,-56.66650000214577,-34.333500027656555,9.431404113769531,5.779903411865234,3.606647729873657,6.186651229858398,2.432441234588623,1.684715986251831,5.03181791305542,2.908075571060181,5.88398551940918,23.6654109954834,54.61947250366211,28.91316604614257,60.93282699584961,53.23941421508789,50.121726989746094,54.76465606689453,55.69223785400391,55.85586166381836,75.95277404785156,62.93424224853516
25,-56.33349999785423,-34.0,10.685434341430664,5.921596050262451,3.399585485458374,6.563411235809326,2.131806373596191,1.302921772003174,22.57345962524414,7.676248550415039,28.58948516845703,33.43527603149414,87.114013671875,50.919410705566406,93.14977264404295,79.01905059814453,73.67111206054688,81.94664764404297,80.48442077636719,77.36798095703125,89.11608123779297,82.54196166992188
26,-56.33349999785423,-34.333500027656555,10.36967658996582,6.231281757354736,3.780214309692383,6.696514129638672,2.450680494308472,1.540841460227966,18.07162094116211,6.588863849639893,24.277069091796875,31.70734405517578,67.59085845947266,42.04334259033203,74.40767669677734,65.48043060302734,63.18650436401367,67.69153594970703,68.8532943725586,65.63705444335938,82.82129669189453,72.77218627929688
27,-56.33349999785423,-34.666499972343445,17.591615676879883,11.223119735717772,7.292185306549072,11.882625579833984,5.37824821472168,4.399958610534668,15.201562881469728,7.835520267486572,18.3996810913086,27.122577667236328,50.820350646972656,32.717628479003906,52.93857955932617,52.08686828613281,54.252044677734375,53.09249877929688,66.71804809570312,65.63959503173828,83.20380401611328,72.21994018554688
28,-56.0,-34.666499972343445,12.950979232788086,7.771593570709229,4.611336708068848,8.320981979370117,3.271549224853516,3.364003658294678,7.155699253082275,4.414325714111328,7.466974258422852,13.495656967163086,45.39231872558594,22.869091033935547,51.08998489379883,50.51059722900391,52.57535934448242,51.3919792175293,63.63482284545898,61.08627700805664,79.13943481445312,68.31434631347656
29,-56.0,-34.333500027656555,12.005345344543455,7.356022834777832,4.520228862762451,7.849555015563965,3.00828218460083,1.982370018959045,12.631195068359377,5.391288757324219,15.941120147705078,20.9218692779541,56.73408889770508,32.02273941040039,63.30747985839844,58.26899337768555,58.07648849487305,59.88432312011719,58.425331115722656,56.15923309326172,73.19429016113281,62.93492889404297
30,-55.66650000214577,-34.333500027656555,12.22825527191162,7.376637935638428,4.425119400024414,7.894362926483154,3.709546327590942,3.52807092666626,9.797260284423828,5.384080410003662,10.912113189697266,14.996004104614258,53.1513786315918,27.21762466430664,60.88298797607422,55.462886810302734,56.1709098815918,57.50559616088867,58.49171447753906,56.24189376831055,70.57533264160156,62.0536994934082
31,-55.66650000214577,-34.666499972343445,5.963913917541504,3.058218002319336,1.529238939285278,3.452998399734497,4.05588436126709,11.78537940979004,19.022029876708984,11.092459678649902,15.215694427490234,26.562578201293945,81.0009994506836,42.21915054321289,86.90048217773438,78.07379913330078,79.0261459350586,81.3334732055664,84.25799560546875,78.77635955810547,90.11064910888672,84.56647491455078
32,-55.33349999785423,-34.666499972343445,8.198079109191895,3.985772609710693,1.845270991325378,4.585048198699951,14.534171104431152,24.80484390258789,32.90277099609375,23.450439453125,24.56341552734375,38.833778381347656,92.38658905029295,53.23304748535156,91.4746322631836,82.89741516113281,81.25861358642578,85.21022033691406,80.94452667236328,76.8311538696289,89.5513916015625,82.67168426513672
33,-57.33350002765656,-33.00000002980232,10.8244047164917,6.118244171142578,8.207414627075195,8.377678871154785,6.856348037719727,4.851806640625,3.860349893569946,5.284440994262695,6.096911907196045,36.31349563598633,93.716796875,46.93512344360352,85.37690734863281,68.60493469238281,63.209571838378906,72.39714050292969,74.37142944335938,74.67596435546875,91.14193725585938,80.42048645019531
34,-58.33350002765656,-32.33349999785423,15.37023639678955,10.816162109375,11.714469909667969,12.60397243499756,15.372270584106444,13.501599311828612,15.098697662353516,14.626009941101074,13.630873680114746,22.399303436279297,57.86225509643555,32.15440368652344,64.62456512451172,58.29280471801758,56.993595123291016,59.97032165527344,65.58966064453125,68.20067596435547,86.1510238647461,73.72789001464844
35,-58.0,-32.66650000214577,14.204092025756836,9.895184516906738,18.596662521362305,14.37277603149414,21.146615982055664,18.717679977416992,18.793397903442383,19.60679054260254,14.566265106201172,24.677631378173828,68.16324615478516,36.84627914428711,64.67684173583984,55.04073333740234,56.26177597045898,58.65978240966797,61.12511444091797,60.41796875,88.09678649902344,70.46759796142578
36,-57.666499972343445,-32.66650000214577,17.63442039489746,12.26217555999756,19.80372810363769,16.671192169189453,28.64267921447754,29.15593719482422,26.046018600463867,28.08408164978028,20.326791763305664,39.29860305786133,84.7639389038086,49.3115234375,80.19412231445312,71.2282943725586,69.95769500732422,73.79336547851562,73.20545196533203,72.1357650756836,91.52394104003906,79.36050415039062
37,-58.33350002765656,-32.0,13.885815620422363,9.381521224975586,8.559062957763672,10.542679786682127,16.978498458862305,15.272990226745604,16.814233779907227,16.32245445251465,14.792799949645996,25.904024124145508,69.06502532958984,37.634952545166016,73.8967514038086,67.92772674560547,66.89945983886719,69.57464599609375,76.3730697631836,78.49516296386719,91.5233383178711,82.43351745605469
38,-58.0,-32.33349999785423,14.195268630981444,9.307229042053224,14.117939949035645,12.591042518615724,32.35846328735352,26.398286819458008,24.66525077819824,28.031768798828125,24.298513412475582,32.88902282714844,76.5926742553711,45.62564086914063,84.23522186279297,72.87848663330078,72.1271743774414,76.41362762451172,79.6209945678711,80.75920867919922,93.3259506225586,84.85121154785156
39,-57.666499972343445,-32.33349999785423,17.66251564025879,11.033804893493652,12.153050422668455,13.569250106811523,39.87139892578125,42.768699645996094,36.795555114746094,40.02733612060547,31.282867431640625,43.086181640625,90.50221252441406,56.103702545166016,87.83969116210938,76.06427001953125,75.71955871582031,79.87450408935547,80.96674346923828,80.33718872070312,93.75335693359376,85.30084991455078
40,-58.0,-32.0,14.98308277130127,10.01746654510498,13.748324394226074,12.94313144683838,36.59726333618164,30.82455825805664,28.40118408203125,32.19384765625,24.53893280029297,35.912532806396484,90.44904327392578,51.59529495239258,92.50492095947266,88.14695739746094,91.6615982055664,90.77115631103516,96.2523193359375,93.2999267578125,97.56201171875,95.76466369628906
41,-57.666499972343445,-32.0,12.17200756072998,7.645674705505371,10.711718559265137,10.193733215332031,38.66403579711914,36.08126068115234,31.89656639099121,35.80805587768555,25.931930541992188,38.99367141723633,94.04806518554688,54.31563568115234,90.76683044433594,84.6017837524414,87.49065399169922,87.61975860595703,94.58824920654295,92.05722045898438,97.01237487792967,94.6319580078125
42,-57.33350002765656,-33.333500027656555,9.379773139953612,5.736304759979248,6.984140872955322,7.354397773742676,4.571311473846436,2.758556127548218,4.595301628112793,3.930753231048584,4.520378112792969,14.085928916931152,53.50689315795898,24.98835182189941,61.10623550415039,51.08230972290039,47.28289031982422,53.15714645385742,54.714656829833984,55.448509216308594,82.27391815185547,64.73047637939453
43,-57.33350002765656,-33.666499972343445,13.130306243896484,8.279258728027344,10.916814804077148,10.780019760131836,11.388873100280762,7.540041923522949,6.452681541442871,8.603949546813965,5.154993534088135,16.208023071289062,70.08758544921875,31.76108360290528,80.71401977539062,68.584228515625,61.34332656860352,70.21385955810547,67.29638671875,66.54373931884766,87.4766616821289,74.21434020996094
44,-57.00000002980232,-33.333500027656555,7.430234909057617,4.028633117675781,5.009702682495117,5.474045276641846,3.060421705245972,2.13581919670105,3.712161540985107,2.916417837142944,3.516330242156982,15.52294635772705,75.75901794433594,33.02393341064453,82.25627136230469,64.8275146484375,57.157005310058594,68.08026885986328,66.14501190185547,66.71766662597656,87.49330139160156,73.90493774414062
45,-57.33350002765656,-32.66650000214577,17.411693572998047,10.850237846374512,13.39081573486328,13.868331909179688,20.874771118164062,24.571138381958008,23.057594299316406,22.818565368652344,19.97749900817871,40.9930305480957,93.24037170410156,52.75320816040039,92.36853790283205,83.74861145019531,79.55200958251953,85.22305297851562,84.67184448242188,83.0844497680664,94.39203643798828,87.60888671875
46,-57.00000002980232,-33.00000002980232,6.878466606140137,4.072818279266357,7.815361976623535,6.305865287780762,7.508022308349609,5.19419527053833,6.587893962860107,6.418761730194092,10.769536972045898,41.13991165161133,96.27952575683594,50.908687591552734,81.4755630493164,62.33277130126953,58.577762603759766,67.46202850341797,75.74298858642578,77.67070007324219,91.5054702758789,81.95796966552734
47,-56.66650000214577,-33.00000002980232,9.2329683303833,5.945177555084229,10.89768123626709,8.763094902038574,11.407694816589355,9.060327529907228,13.38796329498291,11.135140419006348,17.923259735107422,39.44477462768555,95.8595199584961,52.52048873901367,84.73196411132812,70.29989624023438,66.15453338623047,73.72879791259766,74.42742919921875,74.1081771850586,90.87193298339844,80.15959167480469
48,-57.00000002980232,-32.66650000214577,13.435026168823242,7.316665172576904,9.76984405517578,10.160812377929688,15.149365425109863,15.68490219116211,23.38652229309082,17.694101333618164,26.441347122192383,47.34800720214844,97.15027618408205,58.27569580078125,90.6960220336914,85.40174865722656,82.7184066772461,86.27206420898438,91.64783477783205,88.9766845703125,96.46759033203124,92.49640655517578
49,-57.33350002765656,-32.33349999785423,16.113605499267578,10.074258804321287,16.20159339904785,14.196650505065918,42.905250549316406,47.89719009399414,50.423301696777344,46.83610153198242,40.64328384399414,40.270484924316406,87.45831298828125,57.13481140136719,89.72932434082031,79.05461883544922,80.70230865478516,83.16207885742188,87.50801849365234,84.84690856933594,95.22322082519533,89.38724517822266
50,-57.666499972343445,-31.666500002145767,13.015057563781738,8.74297046661377,17.33038330078125,13.168209075927734,25.933910369873047,23.263057708740234,23.86485290527344,24.38887596130371,19.22431373596192,30.81902885437012,91.9869155883789,48.78353118896485,87.00291442871094,82.20232391357422,88.29222869873047,85.83248901367188,95.323974609375,91.89324951171876,96.7421417236328,94.72051239013672
51,-57.33350002765656,-32.0,8.188804626464844,4.609287261962891,6.532166004180908,6.446281909942627,32.05131530761719,34.87374496459961,36.90769958496094,34.44686508178711,30.13007926940918,40.95368957519531,95.2484893798828,56.72809982299805,87.9786605834961,74.79547882080078,72.50717163085938,78.4271011352539,88.14889526367188,89.42292785644531,95.36872100830078,91.12174224853516
52,-57.00000002980232,-32.0,2.518563508987427,1.78410816192627,7.356450080871582,3.998311758041382,33.04949188232422,29.96149635314941,38.96651077270508,33.63721466064453,24.626352310180664,56.577392578125,94.54866027832033,59.74428176879883,74.6087417602539,56.69137573242188,59.12434005737305,63.47481918334961,84.40452575683594,78.50320434570312,90.63695526123048,84.7123794555664
53,-58.0,-31.666500002145767,13.137225151062012,9.539498329162598,23.68128204345703,15.71810817718506,31.47242546081543,26.844635009765625,26.511564254760746,28.40225410461425,20.863845825195312,30.604713439941406,91.9012680053711,49.212886810302734,84.2284164428711,83.50558471679688,89.81295776367188,85.84899139404297,94.95814514160156,91.55540466308594,96.80733489990234,94.51665496826172
54,-58.0,-31.33349999785424,19.752948760986328,12.371488571166992,20.871543884277344,17.768753051757812,18.419288635253903,24.22533416748047,20.967782974243164,21.22101783752441,15.19667148590088,13.850521087646484,86.78575134277344,40.16500854492188,87.77069854736328,75.77326202392578,87.46636199951172,83.67010498046875,95.50621795654295,92.49302673339844,98.3369140625,95.53866577148438
55,-58.0,-30.99999997019768,11.57917022705078,5.92882251739502,5.525266647338867,7.608317852020264,6.919023990631104,11.295404434204102,10.965302467346191,9.638096809387209,7.857408046722412,21.50377082824707,90.0338134765625,41.41883087158203,86.607421875,70.46837615966797,66.7425765991211,74.60612487792969,74.92991638183594,74.33084869384766,89.7054214477539,79.9795913696289
56,-57.666499972343445,-30.99999997019768,7.161963939666748,3.542388916015625,2.567107915878296,4.363926410675049,3.633824825286865,9.713150024414062,10.036824226379396,7.634440898895264,8.811327934265137,16.112703323364258,81.74734497070312,37.04713439941406,83.16860961914062,70.72091674804688,62.46810531616211,72.11920928955078,65.04174041748047,64.25114440917969,79.43824005126953,69.8951416015625
57,-57.33350002765656,-31.666500002145767,8.040397644042969,4.883728504180908,9.48047161102295,7.533111095428467,16.346908569335938,17.346851348876953,20.72804832458496,17.955785751342773,17.022193908691406,30.09739875793457,92.18567657470705,47.91091537475586,87.60128784179688,74.96978759765625,71.1175308227539,77.89620208740234,84.50520324707031,86.8725357055664,94.92408752441406,88.96588134765625
58,-57.666499972343445,-30.666499972343445,7.55476188659668,4.473111629486084,2.92290472984314,4.917119026184082,3.279458522796631,5.604662418365479,12.39604377746582,6.714627265930176,16.567873001098633,28.755033493041992,81.94660949707031,43.6981201171875,85.69102478027344,71.03398895263672,63.63897705078125,73.45466613769531,66.68010711669922,66.36299896240234,69.95700073242188,67.74058532714844
59,-57.666499972343445,-31.33349999785424,17.920804977416992,11.237034797668455,14.88553237915039,14.687718391418455,14.718093872070312,19.993072509765625,18.70378494262696,17.74078369140625,14.109345436096191,12.720806121826172,78.82120513916016,36.62370300292969,86.51806640625,75.2664794921875,79.53981018066406,80.44145202636719,85.24232482910156,83.55065155029297,93.85650634765624,87.75326538085938
60,-57.33350002765656,-31.33349999785424,13.70929718017578,9.08969783782959,21.033262252807617,14.817930221557615,21.317546844482425,24.32790184020996,27.56929016113281,24.17888641357422,22.11195182800293,19.59596443176269,82.55882263183594,42.74922943115234,87.5257797241211,76.71382904052734,72.98551177978516,79.07504272460938,76.24976348876953,76.4385986328125,88.561767578125,80.67945098876953
61,-57.33350002765656,-30.99999997019768,5.787737369537354,3.237291812896729,5.061628818511963,4.707361698150635,4.890891551971436,10.35788631439209,19.95316696166992,11.146897315979004,17.43413734436035,21.943809509277344,89.94828033447266,44.61969757080078,90.730224609375,79.72188568115234,73.97499084472656,81.47570037841797,81.34547424316406,82.64073944091797,92.0609893798828,85.56558227539062
62,-57.00000002980232,-30.99999997019768,3.196081638336182,13.323412895202637,20.1740837097168,12.487414360046388,15.467935562133787,21.6710147857666,29.65202713012696,21.735918045043945,22.223190307617188,30.860483169555664,95.15785217285156,50.88945388793945,84.22528076171875,68.03002166748047,61.82396697998047,71.35975646972656,81.57556915283203,86.49295043945312,94.86004638671876,87.87566375732422
63,-57.00000002980232,-31.33349999785424,4.127715587615967,5.180216789245605,55.83735275268555,22.815813064575195,57.04404830932617,48.403594970703125,63.66787338256836,55.85069274902344,45.052978515625,40.006980895996094,94.46853637695312,60.95978927612305,80.05155181884766,65.78024291992188,70.12959289550781,71.98712921142578,87.09387969970703,87.94956970214844,96.6091766357422,90.74630737304688
64,-57.00000002980232,-31.666500002145767,2.761047601699829,3.711038827896118,29.87527275085449,12.68867301940918,41.48481750488281,35.05928421020508,44.30675506591797,39.99625015258789,33.57844543457031,36.62995147705078,93.76058197021484,55.917755126953125,77.12808227539062,67.49871063232422,74.19155883789062,72.939453125,91.25203704833984,88.35401916503906,96.81826782226562,92.29230499267578
65,-58.0,-30.666499972343445,13.032760620117188,8.537408828735352,6.704262256622314,9.337051391601562,8.101831436157227,9.753097534179688,10.64451026916504,9.418048858642578,10.02627182006836,23.57537651062012,71.77679443359375,36.30842590332031,74.39568328857422,65.39212799072266,61.02262878417969,66.93681335449219,68.29266357421875,69.83293151855469,79.78179931640625,72.86631774902344
66,-57.00000002980232,-30.666499972343445,16.177873611450195,14.31224536895752,7.846805095672607,12.619872093200684,5.452951908111572,13.681906700134276,28.094467163085938,14.860868453979492,21.062334060668945,34.53824615478516,95.26319122314452,51.73873901367188,78.09962463378906,58.91034698486328,58.80984878540039,65.27327728271484,88.45691680908203,87.76160430908203,93.21856689453124,89.9222412109375
67,-56.33349999785423,-33.666499972343445,12.099601745605469,7.237742900848389,4.678187847137451,7.897855281829834,3.213723182678223,2.085980415344238,23.25784111022949,8.537848472595215,28.96800422668457,45.33258056640625,92.85530090332033,56.91658782958984,91.12319946289062,79.78350830078125,73.15319061279297,81.35330200195312,80.87004852294922,80.98953247070312,91.26280975341795,84.59635162353516
68,-56.0,-33.666499972343445,14.070523262023926,8.876262664794922,6.241837978363037,9.617034912109377,5.047993183135986,3.527883529663086,17.93925666809082,8.188315391540527,22.822189331054688,36.0462646484375,89.08158874511719,50.59941864013672,93.60295104980467,83.19861602783203,76.066162109375,84.28924560546875,80.14415740966797,79.60612487792969,90.02594757080078,83.47704315185547
69,-56.0,-34.0,7.054092407226563,3.793019771575928,2.141664028167725,4.259013652801514,1.314575791358948,0.771438419818878,21.743576049804688,6.957455635070801,27.237104415893555,31.40556907653809,86.33951568603516,49.553592681884766,92.6164093017578,77.83018493652344,70.20172119140625,80.21610260009766,70.10708618164062,66.67931365966797,81.08049774169922,72.8951416015625
70,-56.66650000214577,-33.333500027656555,8.01123332977295,4.391560077667236,3.727874517440796,5.323695182800293,2.687813997268677,2.268932580947876,6.372592926025391,3.591007471084595,7.052704334259033,28.29669952392578,88.52354431152344,42.81461334228516,84.64176177978516,69.61064147949219,62.80314254760742,72.35185241699219,66.99447631835938,65.7769546508789,86.02513885498047,73.35454559326172
71,-56.0,-33.333500027656555,4.999612331390381,2.356618404388428,1.203890562057495,2.800164699554443,6.142656326293945,4.645571231842041,12.76982879638672,7.501461029052734,16.964082717895508,52.51420593261719,96.57115173339844,56.679534912109375,81.98603820800781,65.51722717285156,59.75000762939453,69.08441925048828,67.1647720336914,66.4237289428711,84.26953125,72.99515533447266
72,-54.99999997019768,-34.666499972343445,7.582548141479492,3.386804342269897,1.4974205493927,4.069843769073486,21.767641067504883,27.97191619873047,30.256406784057617,26.408815383911133,19.56904983520508,43.85539245605469,95.93684387207033,54.50160217285156,90.88484954833984,81.607666015625,77.86304473876953,83.45185089111328,81.87897491455078,79.43548583984375,89.96759796142578,83.96090698242188
73,-55.33349999785423,-34.333500027656555,8.992384910583496,4.563654899597168,2.275291442871094,5.180277347564697,5.731462478637695,4.876882076263428,7.842732906341553,6.029475212097168,19.064313888549805,26.98836898803711,76.04273986816406,41.8386116027832,80.9017105102539,66.30632781982422,59.16818618774414,68.79207611083984,60.61577987670898,58.77166366577149,76.60327911376953,65.69388580322266
74,-54.99999997019768,-34.333500027656555,4.61848258972168,1.890093207359314,0.747735798358917,2.364866018295288,22.532371520996094,31.50762367248535,28.5847282409668,27.4670639038086,25.15651512145996,65.85457611083984,95.57089233398438,63.27066802978516,89.66162109375,69.67955017089844,61.75558090209961,73.69892120361328,64.97970581054688,61.97383499145508,77.42725372314453,68.42694091796875
75,-54.666499972343445,-34.666499972343445,10.287553787231444,5.32481861114502,9.687491416931152,8.473746299743652,35.779754638671875,40.69316101074219,37.58187484741211,38.049434661865234,36.97076416015625,64.71189880371094,97.37042236328124,67.35165405273438,94.21671295166016,82.78580474853516,77.84611511230469,84.94954681396484,80.46715545654297,79.51939392089844,88.57110595703125,83.03701782226562
76,-54.666499972343445,-34.333500027656555,5.447146892547607,3.75945258140564,1.641527533531189,3.552348136901855,32.87516021728516,36.82609176635742,30.35025787353516,33.56480407714844,27.24249267578125,67.16585540771484,95.93096923828124,64.49432373046875,91.1505355834961,72.52552032470703,60.296142578125,74.65740203857422,63.292240142822266,63.09207534790039,76.34931182861328,67.86082458496094
77,-55.66650000214577,-34.0,6.507511615753174,3.367109537124634,1.825710415840149,3.833194255828857,1.352656006813049,0.782072126865387,12.15125846862793,4.234190940856934,14.814152717590332,15.50140380859375,64.78895568847656,32.76884078979492,73.25708770751953,60.6004524230957,52.7642936706543,62.207279205322266,52.37083053588867,49.34969329833984,62.5750732421875,55.017127990722656
78,-55.33349999785423,-34.0,4.160309314727783,1.764120101928711,1.833769798278809,2.561798810958862,5.649752140045166,10.541380882263184,21.50896644592285,11.927966117858888,22.28617477416992,40.88005828857422,93.6370086669922,53.602237701416016,91.09564971923828,70.43785858154297,68.42623901367188,76.65325164794922,76.32492065429688,71.59336853027344,83.050537109375,77.18511962890625
79,-56.33349999785423,-33.00000002980232,8.205650329589844,4.913321495056152,9.592747688293455,7.635804653167725,10.61485481262207,9.78499984741211,14.1971435546875,11.341989517211914,17.995763778686523,51.54302978515625,95.9354476928711,56.473480224609375,83.41500091552734,72.60350036621094,65.14656829833984,73.72168731689453,75.41710662841797,76.39695739746094,90.7636260986328,81.17872619628906
80,-56.33349999785423,-33.333500027656555,4.483004570007324,2.065737962722778,2.474625587463379,2.990590572357178,1.62283194065094,0.795073390007019,19.86383819580078,6.538919925689697,22.205183029174805,60.72589492797852,95.74081420898438,60.72450637817383,80.07937622070312,61.229827880859375,55.05458831787109,65.45459747314453,63.803165435791016,61.7901725769043,83.58617401123047,70.17359161376953
81,-56.0,-33.00000002980232,12.543784141540527,7.901223182678223,6.071268081665039,8.74948501586914,7.330633163452148,8.965694427490234,9.60006332397461,8.562992095947266,11.777396202087402,31.66007804870605,87.48133850097656,45.05385208129883,81.73668670654297,72.13690948486328,65.28103637695312,73.05154418945312,72.64563751220703,74.99920654296875,87.26361846923828,78.59188079833984
82,-56.66650000214577,-32.33349999785423,12.207477569580078,7.418759346008301,12.409228324890137,10.734318733215332,19.14443016052246,19.420730590820312,27.67445945739746,21.680259704589844,23.81235122680664,47.36730194091797,96.33733367919922,57.14539337158203,89.75369262695312,82.73658752441406,78.94676971435547,83.81234741210938,90.47357177734376,89.80198669433594,95.3426742553711,91.98468017578124
83,-56.66650000214577,-32.66650000214577,10.462345123291016,6.319815635681152,13.559684753417969,10.225101470947266,16.74631690979004,12.232337951660156,24.231290817260746,17.27274513244629,23.267507553100582,47.68617248535156,96.02542877197266,56.961822509765625,86.97774505615234,84.4465103149414,79.52845001220703,83.6509017944336,89.4809341430664,87.92720794677734,95.63367462158205,91.1629638671875
84,-56.0,-32.66650000214577,5.71052885055542,2.859411239624023,5.052776336669922,4.557417392730713,11.403227806091309,15.977802276611328,23.45430374145508,16.48016929626465,19.637569427490234,53.44906997680664,93.11821746826172,56.618282318115234,68.33586883544922,57.861846923828125,57.57078170776367,61.25616455078125,81.99423217773438,83.46929168701172,89.98500061035156,85.30548858642578
85,-55.66650000214577,-32.66650000214577,11.725823402404783,7.431315422058105,4.974204063415527,7.944762229919434,6.173525810241699,5.550415515899658,13.852848052978516,8.145078659057617,16.838428497314453,31.121713638305664,78.06737518310547,43.172340393066406,71.10820770263672,68.7671127319336,70.53825378417969,70.13785552978516,82.93793487548828,84.01396942138672,90.52039337158205,85.97559356689453
86,-55.66650000214577,-33.00000002980232,10.10431671142578,6.275335311889648,6.40981912612915,7.558210849761963,7.492735385894775,5.710745811462402,10.255814552307127,7.645761489868164,13.647985458374023,32.61316680908203,84.05717468261719,44.74969100952149,77.7134780883789,68.63597106933594,61.53992462158203,69.29645538330078,67.86632537841797,69.24409484863281,78.9978256225586,72.26065063476562
87,-57.00000002980232,-32.33349999785423,8.054558753967285,4.623838424682617,13.285908699035645,8.804160118103027,41.49164962768555,41.32728576660156,53.11712646484375,44.754512786865234,37.23426818847656,51.12118148803711,96.44770050048828,62.725135803222656,86.64856719970703,79.39896392822266,82.63126373291016,82.89292907714844,92.53826141357422,84.80155181884766,94.4282684326172,90.71319580078124
88,-56.66650000214577,-32.0,3.649818181991577,2.271233081817627,6.730664730072021,4.298316955566406,28.34816169738769,32.75428771972656,33.946868896484375,31.521408081054688,23.60856056213379,41.9774284362793,96.47821044921876,55.39097595214844,84.60714721679688,72.21659088134766,68.42386627197266,75.08253479003906,87.26908874511719,85.92388916015625,93.28585052490234,88.97013092041016
89,-56.33349999785423,-32.33349999785423,15.851604461669922,10.489967346191406,17.67710304260254,14.769801139831545,26.4250431060791,29.552637100219727,25.54607582092285,27.29090690612793,19.027568817138672,42.85332489013672,91.88480377197266,52.56586456298828,80.08299255371094,73.81957244873047,70.18867492675781,74.69708251953125,85.60506439208984,86.69792175292969,91.96448516845705,88.21416473388672
90,-56.33349999785423,-32.66650000214577,19.008888244628903,12.74625015258789,15.182722091674805,15.631011009216309,17.45419692993164,20.45458221435547,22.393444061279297,19.93697738647461,19.80375289916992,38.67218399047852,88.737060546875,50.35055160522461,83.53292083740234,82.41124725341797,78.0523910522461,81.33218383789062,85.80241394042969,85.64991760253906,94.18411254882812,88.72737121582031
91,-56.0,-32.33349999785423,8.80261516571045,5.924214363098145,13.170488357543944,9.423989295959473,26.54214859008789,27.4143180847168,23.941301345825195,26.110538482666016,19.61997604370117,44.4389762878418,94.3134536743164,54.13024139404297,75.05962371826172,66.44163513183594,63.05143356323242,68.18423461914062,81.5561294555664,82.56715393066406,89.03846740722656,84.53728485107422
92,-56.33349999785423,-32.0,3.888101100921631,2.911367654800415,11.00626277923584,6.098824977874756,46.42270660400391,60.90107727050781,46.03683090209961,51.48330307006836,25.42106056213379,40.39495086669922,94.17400360107422,54.647552490234375,77.84137725830078,65.13417053222656,67.97574615478516,70.31710052490234,89.18408203125,84.41114044189453,89.75691223144531,87.84768676757812
93,-56.0,-32.0,13.291576385498049,9.08119297027588,23.42332649230957,15.528525352478027,43.03639602661133,47.7814826965332,39.05091857910156,43.59236145019531,29.61375999450684,33.531890869140625,74.46910095214844,46.79408264160156,69.8778305053711,64.43231201171875,63.16735458374024,65.8258285522461,77.51094055175781,80.5919189453125,88.14200592041016,82.27711486816406
94,-55.33349999785423,-33.666499972343445,5.046483993530273,2.322068214416504,3.978880882263184,3.788813352584839,8.059412002563477,22.648679733276367,33.40115737915039,20.51036262512207,43.9622688293457,62.458740234375,96.6405792236328,68.62117767333984,90.89591979980467,72.33180236816406,63.95368576049805,75.72713470458984,66.2332992553711,63.63975524902344,76.51055908203125,69.04344177246094
95,-54.99999997019768,-33.666499972343445,5.065374851226807,4.551504611968994,4.027470111846924,4.53132152557373,7.998562812805176,13.166393280029297,20.207408905029297,13.33245849609375,35.10845947265625,66.09226989746094,97.46009826660156,67.22801208496094,91.7573013305664,73.42591857910156,68.3249740600586,77.83606719970703,71.47506713867188,68.29581451416016,75.32917785644531,71.81709289550781
96,-54.99999997019768,-34.0,3.131381273269653,1.313652992248535,0.55801260471344,1.63188648223877,8.411892890930176,20.981130599975582,25.691570281982425,17.83795738220215,23.64958572387696,64.20240020751953,96.40912628173828,62.54904174804688,91.05328369140624,69.9427719116211,77.59779357910156,79.53128051757812,88.78369903564453,83.22142028808594,86.93452453613281,86.333251953125
97,-55.66650000214577,-33.333500027656555,6.250096797943115,3.1302170753479,2.737549781799316,3.997296333312988,6.348520755767822,6.841166019439697,10.848274230957031,7.81010913848877,10.567093849182127,41.072383880615234,96.74462890625,50.98663711547852,81.82630157470703,65.37992858886719,56.55426788330078,67.920166015625,59.25931167602539,58.64860534667969,73.5699691772461,64.14028930664062
98,-55.66650000214577,-33.666499972343445,8.193086624145508,4.430069923400879,3.726393461227417,5.394254684448242,5.332077026367188,10.887598037719728,23.568702697753903,12.526656150817873,32.102996826171875,39.566165924072266,91.55352020263672,55.60581588745117,88.87933349609375,75.78912353515625,65.14228820800781,76.60357666015625,64.52363586425781,63.04512786865234,75.37823486328125,67.89833068847656
99,-55.33349999785423,-33.333500027656555,4.053037643432617,1.915150761604309,3.154484033584595,3.044554948806763,6.955638408660889,5.79834508895874,5.92354679107666,6.247436046600342,9.91566276550293,42.82400131225586,95.97276306152344,51.06764602661133,81.0128402709961,66.21269989013672,55.90033721923828,67.70862579345703,63.8037109375,65.84527587890625,78.9708480834961,69.84416961669922
100,-54.99999997019768,-33.333500027656555,3.768323183059692,1.801707983016968,8.349791526794434,4.759613513946533,16.229257583618164,13.00009536743164,12.584529876708984,14.034634590148926,41.27188873291016,67.98941040039062,96.19686126708984,69.37995147705078,83.27247619628906,73.08941650390625,64.1666030883789,73.5094985961914,80.99776458740234,87.87126922607422,89.87708282470703,86.36575317382812
101,-54.666499972343445,-33.666499972343445,12.603309631347656,8.810525894165039,5.414073467254639,8.828811645507812,9.524625778198242,10.94424819946289,30.362468719482425,15.985302925109863,41.6518783569336,62.50391387939453,98.37808227539062,68.50699615478516,94.45336151123048,81.84400939941406,72.00056457519531,82.76598358154297,73.7815170288086,73.68556213378906,77.4573974609375,75.0549087524414
102,-55.33349999785423,-33.00000002980232,5.437376022338867,2.789055347442627,4.875908851623535,4.383848667144775,7.680681228637695,5.213771820068359,9.146932601928713,7.218571186065674,18.41367149353028,41.12745666503906,97.3863296508789,53.76325607299805,84.16146087646484,79.35839080810547,70.13602447509766,77.88529205322266,82.29399108886719,83.95564270019531,89.10147094726562,85.24555969238281
103,-54.99999997019768,-33.00000002980232,4.224712371826172,1.904483795166016,9.006933212280273,5.173168659210205,15.41364574432373,11.182373046875,20.74284172058105,15.425104141235352,42.75476837158203,67.1497802734375,97.05550384521484,69.89212799072266,82.02967834472656,85.97830200195312,71.72544860839844,79.91114044189453,87.97209930419922,88.51868438720703,90.30697631835938,88.97692108154297
104,-55.33349999785423,-32.66650000214577,12.16329574584961,7.758043766021729,5.558406352996826,8.398575782775879,6.627643585205078,5.372043609619141,10.836376190185549,7.381710052490234,19.78190994262696,38.07139205932617,92.3512191772461,51.43214416503906,88.69129180908203,86.95611572265625,83.81617736816406,86.48786163330078,92.44678497314452,92.87649536132812,94.38323211669922,93.27252960205078
105,-55.66650000214577,-32.0,12.545853614807127,11.822335243225098,27.537994384765625,17.632253646850586,42.816287994384766,40.875587463378906,35.63520812988281,40.07144546508789,30.366559982299805,34.80672836303711,79.64707946777344,49.2855110168457,72.776611328125,67.79768371582031,63.521575927734375,68.0319595336914,76.27485656738281,80.13424682617188,86.15247344970703,81.0247802734375
106,-56.66650000214577,-31.666500002145767,2.511791944503784,4.750400543212891,42.61555099487305,17.46428871154785,61.171478271484375,49.92338180541992,60.822998046875,57.05473709106445,38.34836959838867,26.52390480041504,91.8155517578125,53.50625228881836,71.58242797851562,76.15623474121094,78.3640365600586,75.36756896972656,92.6929168701172,85.63188171386719,95.4050521850586,91.37753295898438
107,-56.33349999785423,-31.666500002145767,5.182848453521729,3.931246995925903,33.34244155883789,14.771220207214355,58.2595329284668,60.45050811767578,53.52946853637695,57.69057846069336,32.82239532470703,29.52606201171875,92.7222671508789,53.01385498046875,75.99296569824219,69.42290496826172,73.50032043457031,72.97206115722656,92.71910858154295,85.29443359375,90.97168731689452,89.7040023803711
108,-56.66650000214577,-30.666499972343445,21.07273292541504,7.227115631103516,3.187369108200073,10.25998592376709,3.566745758056641,13.94140911102295,17.679210662841797,11.304115295410156,14.934603691101074,53.94420623779297,93.71328735351562,55.47207260131836,62.28950881958008,33.45454788208008,27.76696014404297,41.17033767700195,89.53568267822266,77.16759490966797,82.6635971069336,83.10749053955078
109,-56.66650000214577,-30.99999997019768,9.62142562866211,15.27037239074707,16.40458869934082,13.850595474243164,21.41416931152344,27.41220092773437,30.73442649841309,26.219253540039062,22.242685317993164,37.6850814819336,94.61239624023438,52.90367889404297,73.5233383178711,55.915489196777344,44.48116683959961,57.973331451416016,80.64237976074219,85.60541534423828,94.30377197265624,87.09095001220703
110,-56.33349999785423,-30.666499972343445,9.648846626281738,1.009780406951904,0.109142147004604,3.476994752883911,7.187436103820801,14.370429039001465,14.738606452941896,11.91026782989502,5.861345291137695,59.34815216064453,91.89827728271484,53.64438629150391,54.92633819580078,31.33829498291016,21.773239135742188,36.01262283325195,95.98871612548828,69.7540283203125,78.94412231445312,81.47783660888672
111,-56.33349999785423,-30.99999997019768,13.259636878967283,9.13293743133545,8.279541015625,10.1613130569458,33.55182647705078,44.02408981323242,73.82615661621094,48.79887390136719,57.45522689819336,64.1480712890625,92.71234130859376,72.12479400634766,64.70288848876953,51.70762634277344,37.26739883422852,51.22597122192383,89.84773254394531,81.55860900878906,88.59867095947266,86.73060607910156
112,-56.66650000214577,-31.33349999785424,7.252668380737305,15.539817810058594,64.48937225341797,30.235740661621094,60.60089874267578,42.926414489746094,65.50090789794922,55.68858337402344,32.6330451965332,48.33561706542969,91.30198669433594,58.51640319824219,71.14388275146484,58.689231872558594,54.6318588256836,61.48832321166992,83.46703338623047,75.0038833618164,93.63170623779295,84.34380340576172
113,-56.33349999785423,-31.33349999785424,16.25587272644043,23.198331832885746,52.03858184814453,31.192466735839844,53.03495788574219,40.26552581787109,66.43895721435547,52.304161071777344,35.07360076904297,54.58436584472656,90.64456939697266,61.086124420166016,64.06379699707031,65.99930572509766,43.130409240722656,57.73117065429688,88.318359375,70.39535522460938,86.17682647705078,81.77684783935547
114,-57.666499972343445,-30.333500027656555,9.122610092163086,5.526153087615967,3.574594020843506,5.993812084197998,5.86365795135498,7.585091114044189,11.725811958312988,8.153356552124023,14.959555625915527,24.96587562561035,78.10887908935547,40.5952262878418,86.07849884033203,74.42410278320312,68.8926773071289,76.46509552001953,77.65916442871094,79.37539672851562,89.981201171875,82.58512115478516
115,-57.33350002765656,-30.666499972343445,14.87755298614502,8.8919038772583,8.30714225769043,10.615262985229492,6.996039867401123,7.511140823364258,28.25872230529785,13.255056381225586,29.21008682250977,35.9002799987793,88.38373565673828,52.36531448364258,84.02647399902344,67.5488052368164,65.51719665527344,72.3641586303711,76.77752685546875,78.27664184570312,84.62092590332031,80.04425048828125
116,-57.33350002765656,-30.333500027656555,18.720138549804688,11.638599395751951,8.06231689453125,12.653964042663574,8.971918106079102,8.652800559997559,10.488831520080566,9.291351318359377,10.129655838012695,24.49140167236328,74.61547088623047,37.64453887939453,81.66656494140625,71.44306182861328,67.93648529052734,73.68203735351562,80.66172790527344,83.52355194091797,92.8668212890625,85.91573333740234
117,-57.00000002980232,-30.333500027656555,31.73982810974121,19.44275665283203,12.318946838378906,20.881750106811523,10.825931549072266,9.258940696716309,12.603033065795898,10.774035453796388,10.710476875305176,35.19856262207031,91.23324584960938,47.18245697021485,85.12556457519531,69.29865264892578,63.57356643676758,72.66592407226562,88.67098999023438,91.66798400878906,94.92115020751952,91.85556030273438
118,-56.66650000214577,-30.333500027656555,27.105499267578125,9.966625213623049,4.469223499298096,13.54460334777832,4.991142749786377,9.439190864562988,32.58418273925781,14.463456153869627,36.47370910644531,64.60326385498047,95.6825942993164,66.55736541748047,75.45469665527344,51.78717422485352,44.717960357666016,57.319942474365234,86.03467559814453,85.06430053710938,88.08479309082031,86.44911193847656
119,-56.33349999785423,-30.333500027656555,16.224477767944336,10.73289680480957,7.753512382507324,11.447174072265623,8.978979110717773,12.460391998291016,19.593826293945312,13.25515365600586,19.88273811340332,41.7567138671875,95.109375,53.63217926025391,89.99463653564453,79.03533172607422,73.21245574951172,80.74747467041016,91.44549560546876,93.57478332519533,95.91893768310548,93.71971130371094
120,-56.0,-30.666499972343445,3.785254240036011,1.847288250923157,0.902679741382599,2.137254953384399,8.0794038772583,11.040026664733888,19.512569427490234,12.403388023376465,16.753400802612305,50.78035736083984,96.93138885498048,56.18009185791016,83.07579040527344,69.75370788574219,60.23556518554688,71.02169036865234,91.42205047607422,87.22955322265625,92.47132873535156,90.44195556640624
121,-56.0,-30.99999997019768,2.830708742141724,7.361502647399902,5.43028450012207,5.214685440063477,25.751922607421875,30.684160232543945,61.00319290161133,37.585227966308594,53.24479675292969,66.11023712158203,95.21741485595705,72.2884521484375,75.66089630126953,67.04859924316406,56.79900360107422,66.5028305053711,97.30281066894533,84.95520782470703,90.27490234375,90.82593536376952
122,-55.33349999785423,-31.666500002145767,14.485957145690918,15.002490997314451,30.74813270568848,20.423030853271484,37.05685806274414,45.91530990600586,42.32477569580078,41.7257080078125,30.01249313354492,34.339813232421875,92.46926879882812,53.57048416137695,82.0502700805664,86.31497955322266,80.91516876220703,83.09347534179688,93.65157318115234,91.84326171875,93.70285034179688,93.08644104003906
123,-55.33349999785423,-32.0,15.918657302856444,15.295258522033691,18.52673721313477,16.643009185791016,25.920408248901367,31.229999542236328,32.23796463012695,29.621706008911133,27.044109344482425,38.02730178833008,83.18016815185547,50.50632095336914,78.37032318115234,74.2786865234375,71.29825592041016,74.64909362792969,84.6571044921875,87.7776107788086,92.4765396118164,88.43836212158203
124,-54.99999997019768,-32.0,14.303144454956056,13.054490089416504,11.894240379333496,13.04557991027832,17.15055274963379,30.98554229736328,34.75961685180664,27.12278175354004,26.89061164855957,47.13479232788086,91.8542938232422,56.47262191772461,83.00675201416016,81.74090576171875,77.23328399658203,80.66031646728516,90.86441802978516,93.20116424560548,93.90318298339844,92.69647979736328
125,-54.99999997019768,-32.33349999785423,16.75568199157715,12.601646423339844,9.426523208618164,12.815001487731934,12.051433563232422,12.142694473266602,11.502387046813965,11.927156448364258,10.380141258239746,32.33891677856445,76.02457427978516,40.75680160522461,71.98238372802734,72.61134338378906,71.34102630615234,71.9782485961914,86.25688171386719,91.25430297851562,93.58738708496094,90.47010040283205
126,-54.666499972343445,-34.0,8.213624954223633,5.679990768432617,3.206302404403687,5.619531631469727,15.58693504333496,14.533212661743164,17.361635208129883,15.717662811279297,18.08642578125,51.37171936035156,97.38752746582033,56.96271896362305,92.02338409423828,77.82351684570312,71.26876831054688,80.37189483642578,77.9177017211914,77.91883850097656,84.9830093383789,80.42511749267578
127,-54.33350002765656,-34.666499972343445,13.700979232788086,8.532462120056152,12.731826782226562,11.689823150634766,26.30196952819824,28.848121643066406,30.3875675201416,28.378623962402344,30.562562942504883,53.22127532958984,95.87052917480467,61.04561996459961,95.5323715209961,86.42176818847656,82.33334350585938,88.0958251953125,81.7629165649414,80.48477172851562,86.04935455322266,82.8716049194336
128,-54.0,-34.666499972343445,17.16924476623535,12.316248893737791,12.142020225524902,13.819908142089844,14.835844039916992,15.22646141052246,18.37601852416992,15.986828804016112,17.45484733581543,34.30123519897461,74.69505310058594,43.2002067565918,80.11726379394531,73.66848754882812,73.43017578125,75.73863983154297,76.96626281738281,76.85247039794922,83.08545684814453,79.10088348388672
129,-54.33350002765656,-34.0,9.569449424743652,17.254676818847656,13.093186378479004,13.298913955688477,30.783632278442383,25.15349006652832,24.7428035736084,27.04691696166992,24.30883407592773,47.1070671081543,94.80006408691406,56.67612075805664,93.08291625976562,82.82723236083984,71.93696594238281,82.61570739746094,74.72868347167969,76.15298461914062,83.91390228271484,78.4474105834961
130,-54.33350002765656,-34.333500027656555,22.062368392944336,16.698070526123047,11.609058380126951,16.622711181640625,22.620269775390625,21.32685279846192,20.760486602783203,21.626968383789062,22.09692573547364,38.61121368408203,76.13463592529297,46.59878540039063,86.1143569946289,79.59549713134766,72.53923034667969,79.41636657714844,72.22872924804688,72.38719177246094,77.46633911132812,74.13835144042969
131,-54.0,-34.333500027656555,15.637263298034668,9.818882942199709,5.886528015136719,10.30042839050293,15.308368682861328,14.758761405944824,15.683189392089844,15.219171524047852,17.822423934936523,39.79679489135742,90.43245697021484,50.67578125,95.57110595703124,84.08027648925781,79.06476593017578,86.23871612548828,82.33636474609375,81.44910430908203,88.48497772216797,84.23191833496094
132,-53.666499972343445,-34.333500027656555,23.081031799316406,16.423805236816406,11.752872467041016,16.913869857788086,16.04502296447754,16.80911636352539,18.35940742492676,16.97916603088379,21.291667938232425,33.34256362915039,74.66593170166016,44.118309020996094,80.3683853149414,73.90623474121094,72.20519256591797,75.49327087402344,77.72716522216797,78.36637878417969,86.710693359375,81.1210708618164
133,-54.0,-34.0,9.56207275390625,13.499456405639648,9.01753044128418,10.638972282409668,26.51498985290528,23.87650489807129,24.084379196166992,24.87821388244629,22.05495834350586,42.35406112670898,94.91192626953124,54.455528259277344,93.91863250732422,82.45114135742188,73.53421020507812,83.30133056640625,79.03570556640625,80.48306274414062,89.17784881591797,83.10142517089844
134,-53.666499972343445,-34.0,17.031919479370117,12.189716339111328,7.621547698974609,12.130754470825195,28.04515838623047,26.711973190307617,26.44172096252441,27.11089515686035,22.957904815673828,33.85850524902344,83.16253662109375,47.837162017822266,93.53385162353516,82.1641845703125,74.09312438964844,83.26371765136719,74.35572052001953,74.21614074707031,83.32194519042969,77.49225616455078
135,-53.33350002765656,-34.0,11.138940811157228,6.231074333190918,3.732734680175781,6.927749633789063,23.63252639770508,22.40650177001953,23.56070899963379,23.17414093017578,19.72440719604492,32.8897705078125,88.79877471923828,48.48155975341797,93.08560943603516,81.14860534667969,71.8087387084961,82.01432037353516,76.75804138183594,78.78424072265625,88.27754211425781,81.49922180175781
136,-54.33350002765656,-33.666499972343445,11.169139862060549,10.480783462524414,7.251325130462646,9.556897163391112,13.31884479522705,11.613580703735352,27.12363624572754,16.654048919677734,31.50205421447754,49.35073471069336,98.41893005371094,61.004390716552734,94.42981719970705,84.52616119384766,75.12361907958984,84.69319915771484,82.33287048339844,84.73054504394531,91.4117202758789,86.32784271240234
137,-54.666499972343445,-33.333500027656555,5.684020042419434,3.09637451171875,5.267006874084473,4.701323509216309,14.71918487548828,16.93129539489746,34.30887222290039,21.106277465820312,53.48403930664063,75.29154205322266,97.37020874023438,76.09123229980469,89.16358947753906,76.57878875732422,68.43319702148438,78.05852508544922,85.58391571044922,90.54556274414062,90.4552764892578,88.91299438476562
138,-54.666499972343445,-33.00000002980232,3.6357581615448,1.669096112251282,6.785380363464355,4.118958950042725,16.353818893432617,31.101593017578125,48.48052978515625,30.79994201660156,54.33530044555664,74.0743179321289,97.03337097167967,75.85365295410156,83.74159240722656,84.86662292480469,70.55403137207031,79.72074890136719,89.16427612304688,88.84678649902344,89.54878997802734,89.19830322265625
139,-54.0,-33.666499972343445,15.162839889526367,26.20511817932129,18.841535568237305,20.030208587646484,24.042421340942383,22.799448013305664,25.937816619873047,24.140043258666992,27.051288604736328,41.43031692504883,90.72429656982422,54.28333282470703,95.1886215209961,87.77442932128906,82.0593032836914,88.34078216552734,88.05725860595703,89.34806060791016,94.27848815917967,90.6811752319336
140,-54.33350002765656,-33.00000002980232,3.036553859710693,1.551596403121948,2.127714395523071,2.235044002532959,8.198078155517578,17.514314651489258,22.32461166381836,15.561457633972168,18.3704891204834,59.7144775390625,97.00050354003906,59.60823059082031,87.10700988769531,86.07928466796875,74.63298034667969,82.6064224243164,88.36732482910156,87.69347381591797,88.77286529541016,88.29385375976562
141,-54.99999997019768,-32.66650000214577,9.11805820465088,5.473253726959229,5.206047534942627,6.554182052612305,7.315151214599609,5.688662528991699,16.890182495117188,9.469985961914062,34.89781188964844,60.16391372680664,97.00686645507812,65.08686828613281,85.14969635009766,82.87844848632812,74.16268157958984,80.73027801513672,87.3353500366211,90.67536163330078,91.93392944335938,90.04452514648438
142,-54.666499972343445,-32.66650000214577,8.473941802978516,4.750349521636963,5.645019054412842,6.26897144317627,8.323151588439941,11.58659553527832,28.118162155151367,15.14438533782959,33.18559265136719,60.50131607055664,97.7992172241211,64.92453002929688,86.54138946533203,84.64767456054688,77.72615814208984,82.97174072265625,91.6368179321289,91.119873046875,91.65945434570312,91.47809600830078
143,-54.666499972343445,-32.33349999785423,15.230475425720217,10.209004402160645,6.936637401580811,10.66767120361328,7.984256267547607,9.379435539245604,11.284090042114258,9.425344467163086,10.295066833496094,31.02400016784668,81.84065246582031,42.36896133422852,81.64826965332031,89.5145034790039,83.81928253173828,84.9940185546875,92.5618133544922,93.53585052490234,93.91148376464844,93.3549346923828
144,-54.0,-32.66650000214577,10.386679649353027,12.445273399353027,14.348255157470703,12.456462860107422,23.12308692932129,28.27332878112793,39.54578399658203,29.654659271240234,58.70687484741211,76.37451171875,96.24605560302734,77.72647094726562,82.25686645507812,81.55702209472656,71.7666015625,78.52682495117188,87.2765121459961,90.45559692382812,91.18549346923828,89.68907928466797
145,-54.0,-33.00000002980232,7.997738361358643,4.969041347503662,5.113205432891846,5.997195720672607,8.501827239990234,13.375075340270996,17.04739761352539,12.68386459350586,23.0955753326416,48.27833938598633,96.78321075439452,57.36627578735352,90.27147674560548,85.99590301513672,76.05854034423828,84.108642578125,87.7094955444336,92.6935043334961,93.41065216064452,91.3402328491211
146,-53.33350002765656,-33.666499972343445,20.83234214782715,20.859712600708008,15.396551132202148,18.912342071533203,24.937271118164062,22.412094116210938,27.312562942504883,24.71407699584961,27.79497718811035,41.70285415649414,87.17340087890625,53.35115051269531,93.60533905029295,86.1463851928711,79.0888442993164,86.28018951416016,83.1114730834961,85.06452941894531,91.95919036865234,86.8810043334961
147,-53.666499972343445,-33.333500027656555,14.659273147583008,20.2378044128418,13.871037483215332,16.17910385131836,14.991430282592772,19.91514205932617,24.42368698120117,19.4448299407959,26.43978500366211,46.67182922363281,93.87149047851562,56.89363098144531,95.7607650756836,85.80049896240234,77.63673400878906,86.39933013916016,82.50057220458984,85.47792053222656,92.93856811523438,87.16481018066406
148,-53.666499972343445,-32.66650000214577,10.157299995422363,7.532658576965332,8.262378692626953,8.638250350952148,21.56340980529785,37.836421966552734,44.222618103027344,33.84925842285156,62.434814453125,75.69229888916016,96.48131561279295,78.79244232177734,84.6664047241211,85.71045684814453,76.19004821777344,82.18897247314453,88.3855972290039,92.03321075439452,92.00908660888672,90.8479995727539
149,-53.666499972343445,-33.00000002980232,7.51741361618042,4.344804763793945,4.270752906799316,5.341950416564941,10.844368934631348,25.813526153564453,29.754558563232425,21.593408584594727,40.632080078125,62.589473724365234,98.2568130493164,68.16259765625,92.64810180664062,81.60447692871094,70.6643295288086,81.63896942138672,85.16972351074219,92.9096908569336,94.34796142578124,90.92327880859376
150,-53.33350002765656,-32.66650000214577,13.623037338256836,18.70331573486328,19.978878021240234,17.517135620117188,46.19548416137695,59.12322998046875,57.87132263183594,54.14849090576172,55.22743225097656,49.84120941162109,88.9360580444336,65.45106506347656,81.21637725830078,85.96310424804688,74.75595092773438,80.6451416015625,87.06246948242188,91.9962158203125,91.89924621582033,90.37027740478516
151,-53.33350002765656,-33.00000002980232,14.80216121673584,11.261981010437012,11.125235557556152,12.355451583862305,23.244421005249023,33.81830596923828,34.34317398071289,30.191879272460938,32.820316314697266,42.39714431762695,90.2884750366211,56.301544189453125,90.34518432617188,82.52056884765625,74.83316802978516,82.5663070678711,87.48052978515625,94.0999526977539,95.8954086303711,92.60175323486328
152,-54.33350002765656,-32.0,9.817882537841797,7.943268775939941,5.481181621551514,7.674338817596436,6.1510009765625,9.248859405517578,13.470272064208984,9.348599433898926,12.561362266540527,25.25447463989257,73.6896743774414,38.34660720825195,77.34915161132812,79.44172668457031,72.86942291259766,76.55343627929688,89.81878662109375,93.12409973144533,93.90359497070312,92.33446502685548
153,-54.0,-32.0,10.33137321472168,8.947907447814941,6.975820541381836,8.694414138793945,8.11966609954834,10.404825210571287,20.158308029174805,12.375406265258787,21.37982177734375,34.06922149658203,88.31928253173828,49.225887298583984,88.09831237792969,84.02476501464844,77.02540588378906,83.04949188232422,91.6209945678711,92.20558166503906,92.91580963134766,92.2690200805664
154,-56.0,-31.666500002145767,16.488733291625977,15.568450927734377,43.47460174560547,25.76749992370605,57.533164978027344,59.07078170776367,51.5062255859375,56.36033248901367,39.57236862182617,42.5594596862793,85.87400817871094,56.96556091308594,79.7740478515625,73.74601745605469,72.2426528930664,75.25423431396484,83.7774887084961,85.55827331542969,89.97266387939453,86.55022430419922
155,-55.66650000214577,-31.666500002145767,18.706951141357425,18.039310455322266,38.5517807006836,25.533296585083008,50.36332321166992,54.36638641357422,49.62044906616211,51.58073806762695,38.3965072631836,45.07558822631836,91.63042449951172,59.44050216674805,84.59896850585938,87.28487396240234,81.80960083007812,84.56448364257812,91.51154327392578,93.85099792480467,96.08858489990234,93.89031982421876
156,-56.0,-31.33349999785424,11.418872833251951,10.389699935913086,22.479785919189453,15.01172161102295,35.07278060913086,38.16234588623047,50.44784164428711,40.56907272338867,40.02202224731445,60.93505096435547,96.41503143310548,66.77857971191406,82.3749008178711,78.23385620117188,71.87156677246094,77.49343872070312,93.66324615478516,88.2899398803711,92.66590118408205,91.5760269165039
157,-55.66650000214577,-31.33349999785424,25.03236961364746,21.791519165039062,26.50004196166992,24.507720947265625,32.16822814941406,39.001502990722656,48.79045867919922,39.35789108276367,42.550392150878906,51.17926788330078,97.97551727294922,65.0008773803711,91.91104888916016,91.77833557128906,89.57941436767578,91.089599609375,98.95957946777344,94.1756820678711,95.8739776611328,96.32149505615234
158,-54.99999997019768,-31.666500002145767,9.736995697021484,13.282849311828612,26.07437324523925,16.677953720092773,26.02488899230957,35.94342803955078,38.55341339111328,33.14680099487305,27.88418960571289,33.89339065551758,85.06952667236328,50.11421203613281,74.88833618164062,69.91468811035156,62.043792724609375,68.94893646240234,86.92062377929688,90.11569213867188,92.500732421875,89.93132781982422
159,-55.33349999785423,-30.99999997019768,24.879573822021484,24.54584503173828,25.46844482421875,24.98087310791016,26.540332794189453,30.06229019165039,41.723289489746094,32.13616180419922,40.54171752929688,43.86967849731445,86.43456268310547,57.899810791015625,86.46987915039062,80.16595458984375,76.29248046875,80.97610473632812,93.0332489013672,94.76327514648438,96.36128997802734,94.7722396850586
160,-55.33349999785423,-31.33349999785424,25.887535095214844,22.95980834960937,31.601560592651367,26.97066307067871,33.96711730957031,42.50369644165039,55.68670654296875,43.221492767333984,50.83063507080078,50.77866744995117,95.52286529541016,66.67240905761719,88.0052261352539,89.47000885009766,86.88542938232422,88.12022399902344,97.68730926513672,94.0924072265625,95.6686553955078,95.81137084960938
161,-54.99999997019768,-31.33349999785424,15.687007904052734,16.60586929321289,33.869258880615234,22.4351806640625,32.52077865600586,37.8542594909668,43.05651092529297,37.4358024597168,34.36469650268555,38.83186721801758,89.77625274658203,55.4678840637207,81.95426940917969,81.22705841064453,74.63655853271484,79.27262878417969,91.68585968017578,90.94215393066406,93.73876190185548,92.17440032958984
162,-54.666499972343445,-31.666500002145767,11.97751522064209,11.006093978881836,13.655099868774414,12.259425163269045,14.59550666809082,18.47293472290039,30.55069923400879,20.538928985595703,26.30673217773437,34.71885681152344,88.48188781738281,51.08247375488281,85.4202651977539,80.17684936523438,72.9886245727539,79.52857971191406,90.86597442626952,91.64989471435548,94.14509582519533,92.28240966796876
163,-54.666499972343445,-32.0,11.964311599731444,8.729666709899902,6.133979797363281,8.852049827575684,9.194211959838867,14.589543342590332,20.559186935424805,14.36825180053711,17.43857765197754,34.33142852783203,84.68151092529297,46.7482795715332,82.98021697998047,90.05011749267578,83.73351287841797,85.58795166015625,93.4268798828125,93.0774383544922,93.87113189697266,93.47179412841795
164,-54.33350002765656,-31.666500002145767,14.879716873168944,10.500120162963867,7.481752872467041,10.841859817504885,9.055252075195312,10.769323348999023,16.414173126220703,11.76996898651123,16.415435791015625,27.175058364868164,73.59732055664062,40.17662811279297,77.44148254394531,71.09603881835938,66.6951904296875,71.7442398071289,87.24736022949219,93.71321868896484,95.69720458984376,92.33145141601562
165,-55.66650000214577,-30.99999997019768,21.35462951660156,25.55346298217773,26.32344627380371,24.47222137451172,30.91165542602539,29.749799728393555,41.16796875,33.42708206176758,39.68634033203125,45.375118255615234,92.45545959472656,60.24595642089844,92.57008361816406,83.14209747314453,78.36835479736328,84.69351196289062,96.35202026367188,94.12564849853516,95.65132904052734,95.38520050048828
166,-54.0,-32.33349999785423,4.741989612579346,7.279695987701416,11.994580268859863,8.13410472869873,20.431114196777344,29.979949951171875,36.6490364074707,28.47510528564453,32.3890266418457,52.777320861816406,95.8631591796875,61.48897552490234,81.2536392211914,91.00638580322266,82.40895080566406,84.88965606689453,91.80494689941406,91.05487060546876,91.1718978881836,91.3383560180664
167,-53.666499972343445,-32.0,5.984296321868896,5.004509449005127,7.30956506729126,6.138492584228516,13.357422828674316,11.937776565551758,30.56403541564941,17.76658058166504,32.35637283325195,51.98783874511719,96.54117584228516,61.46435546875,82.46778869628906,76.67382049560547,70.22061157226562,76.45407104492188,87.30387115478516,89.68980407714844,92.1940689086914,89.80876159667969
168,-53.666499972343445,-32.33349999785423,6.361643314361572,6.101193428039551,9.655048370361328,7.446254730224609,20.192459106445312,19.511701583862305,33.89505386352539,23.86435890197754,38.1311149597168,52.95501708984375,95.6700439453125,63.33005905151367,80.2484359741211,90.85862731933594,82.88603210449219,84.66436767578125,91.5390625,90.89940643310548,91.49980926513672,91.31879425048828
169,-53.33350002765656,-32.33349999785423,9.26714324951172,7.781848907470703,7.125269889831543,8.027996063232422,15.959904670715332,14.377644538879396,25.69326400756836,18.17577171325684,28.31413459777832,40.96030426025391,91.68035125732422,54.87833023071289,88.66731262207031,92.72373962402344,83.57664489746094,88.32256317138672,91.78702545166016,92.27050018310548,94.11986541748048,92.77076721191406
170,-54.666499972343445,-31.33349999785424,12.55160140991211,10.056730270385742,17.246414184570312,13.412705421447754,18.91546630859375,20.297252655029297,22.948097229003903,20.56114196777344,19.81846237182617,32.48211669921875,87.05992889404297,47.76338577270508,87.75131225585938,82.08686065673828,75.589599609375,81.80925750732422,90.7156982421875,92.08534240722656,95.36129760742188,92.80596160888672
171,-54.33350002765656,-32.66650000214577,9.791528701782228,16.300125122070312,16.01462173461914,14.099270820617676,20.213802337646484,14.8988037109375,35.19819259643555,22.596843719482425,46.77486038208008,70.67973327636719,97.26878356933594,72.40330505371094,83.69257354736328,84.38037109375,73.7973403930664,80.62342834472656,88.65897369384766,89.16220092773438,89.64013671875,89.16946411132812
172,-54.33350002765656,-32.33349999785423,8.833709716796875,7.822179794311523,7.167094707489014,7.916029930114746,8.522133827209473,15.029936790466309,20.03676986694336,14.136244773864746,17.777050018310547,39.065406799316406,90.88955688476562,50.58740997314453,90.11187744140624,93.8529815673828,84.56639099121094,89.51042175292969,92.26602172851562,93.41451263427734,93.39390563964844,93.0367202758789
173,-54.33350002765656,-33.333500027656555,9.460982322692873,6.053972244262695,3.775175094604492,6.344402313232422,9.780592918395996,13.181846618652344,24.92959213256836,15.323612213134766,25.48601722717285,54.53140640258789,98.38519287109376,60.72294616699219,92.26177978515624,79.4013442993164,73.455078125,81.70606994628906,84.64356994628906,86.58465576171875,90.8912582397461,87.48664855957031
174,-54.0,-33.333500027656555,9.404460906982422,11.210058212280272,6.991636753082275,9.130748748779297,8.939321517944336,15.29887866973877,19.75440216064453,14.300615310668944,19.453277587890625,46.279666900634766,97.56175994873048,55.8228645324707,94.6423797607422,82.45659637451172,73.88758850097656,83.66218566894531,81.19715881347656,84.46603393554688,91.97271728515624,86.0752182006836
175,-53.666499972343445,-33.666499972343445,21.98509788513184,35.873512268066406,25.51955795288086,27.71939468383789,35.32950973510742,32.79233169555664,36.8734130859375,34.8644905090332,38.7812385559082,53.41190719604492,93.23165130615234,62.821922302246094,95.11320495605467,86.46941375732422,80.41484069824219,87.33248901367188,81.9426040649414,81.86737823486328,89.42755126953125,84.57428741455078
176,-55.66650000214577,-32.33349999785423,15.18530559539795,10.549696922302246,11.151763916015623,12.25869083404541,19.365896224975582,19.40601348876953,19.787654876708984,19.5007266998291,21.670982360839844,35.93757247924805,78.38375091552734,46.3969955444336,74.01726531982422,69.32084655761719,67.53485870361328,70.2909927368164,77.07421875,78.26824951171875,88.04943084716797,81.35382080078125
177,-55.33349999785423,-32.33349999785423,17.71540641784668,12.83824634552002,10.939129829406738,13.73764419555664,14.836931228637695,14.787145614624023,15.3936767578125,14.97822093963623,15.484071731567385,31.02011108398437,72.25265502929688,40.63938522338867,71.0858154296875,67.61521911621094,66.19172668457031,68.2975845336914,77.25706481933594,80.25338745117188,89.77449798583984,82.66529083251953
178,-57.00000002980232,-34.0,6.490389823913574,3.468452930450439,3.645552396774292,4.506113052368164,3.887736320495605,2.28614354133606,1.711869478225708,2.69406270980835,1.482863068580627,21.227344512939453,79.69503784179688,35.60475540161133,91.47747039794922,74.83771514892578,66.84663391113281,77.72061157226562,88.40536499023438,88.57087707519531,94.52912902832033,90.63170623779295
